Id,Url,Brand,Model,Region,Engine,Engine_volume,Power,Transmission,Drive_unit,Color,Mileage,Rudder,Generation,Equipment,Body,Price
0,https://rostov-na-donu.drom.ru/ford/f250/49128000.html,Ford,F250,Ростов-на-Дону,дизель,6.7,400,АКПП,4WD,красный,214000,левый,3 поколение,6.7TD AT 4x4 XL Regular Cab Long Box SRW,,2290000
1,https://gukovo.drom.ru/volkswagen/jetta/49067852.html,Volkswagen,Jetta,Гуково,бензин,1.4,147,АКПП,передний,белый,44000,левый,7 поколение,,седан,1650000
2,https://rostov-na-donu.drom.ru/hyundai/accent/48963314.html,Hyundai,Accent,Ростов-на-Дон,бензин,1.5,102,механика,передний,бежевый,299600,левый,2 поколение,,седан,310000
3,https://aksay.drom.ru/renault/logan/49076593.html,Renault,Logan,Аксай,бензин,1.4,75,механика,передний,синий,163000,левый,1 поколение,,седан,285000
4,https://rostov-na-donu.drom.ru/bmw/x1/48783090.html,BMW,X1,Ростов-на-Дон,бензин,2.0,150,АКПП,задний,синий,118000,левый,"1 поколение, рестайлинг",sDrive 18i AT,,1080000
5,https://novocherkassk.drom.ru/nissan/note/48926561.html,Nissan,Note,Новочеркасск,бензин,1.2,79,АКПП,передний,красный,74100,правый,"2 поколение, рестайлинг", 1.2 e-POWER Medalist,,1225000
6,https://rostov-na-donu.drom.ru/cheryexeed/vx/48939989.html,Exeed,VX,,бензин,2.0,249,робот,4WD,белый,новый автомобиль,левый,1 поколение,2.0 DCT AWD President,,4800000
7,https://rostov-na-donu.drom.ru/toyota/land_cruiser/48908358.html,Toyota,Land Cruiser,Ростов-на-Дону,бензин,4.5,215,АКПП,4WD,зеленый,320000,правый,"9 поколение, рестайлинг",,джип/suv 5 дв.,1050000
8,https://rostov-na-donu.drom.ru/kia/optima/48381578.html,Kia,Optima,,бензин,2.4,188,АКПП,передний,черный,128000,левый,"4 поколение, рестайлинг",,седан,1530000
9,https://rostov-na-donu.drom.ru/mazda/scrum/47857729.html,Mazda,Scrum,Ростов-на-Дон,бензин,0.7,49,автомат,4WD,белый,151000,правый,,,,669999
10,https://rostov-na-donu.drom.ru/daewoo/leganza/48862012.html,Daewoo,Leganza,Ростов-на-Дон,бензин,2.2,142,АКПП,передний,золотистый,170000,левый,1 поколение,2.2 AT,,125000
11,https://rostov-na-donu.drom.ru/daihatsu/move/48656904.html,Daihatsu,Move,Ростов-на-Дону,бензин,0.7,52,вариатор,передний,серебристый,150000,правый,5 поколение,660 L,,445000
12,https://rostov-na-donu.drom.ru/honda/freed/48792156.html,Honda,Freed,Ростов-на-Дону,бензин,1.5,131,вариатор,передний,желтый,62000,правый,2 поколение, 1.5 G Honda Sensing (7-Seater),,1365000
13,https://rostov-na-donu.drom.ru/honda/cr-v/48744192.html,Honda,CR-V,,бензин,2.0,150,вариатор,4WD,серый,21000,левый,5 поколение,,,2999999
14,https://rostov-na-donu.drom.ru/audi/a6/46888495.html,Audi,A6,Ростов-на-Дон,бензин,2.0,249,робот,4WD,белый,82000,левый,"4 поколение, рестайлинг",,седан,2499999
15,https://rostov-na-donu.drom.ru/subaru/forester/48767556.html,Subaru,Forester,Ростов-на-Дону,бензин,2.0,148,вариатор,4WD,серебристый,30000,правый,"4 поколение, рестайлинг",2.0i-L EyeSight 4WD,,1855000
16,https://moscow.drom.ru/mercedes-benz/gl-class/49140669.html,Mercedes-Benz,GL-Class,Москва,бензин,4.7,435,АКПП,4WD,синий,131134,левый,2 поколение,,,2399000
17,https://moscow.drom.ru/mercedes-benz/c-class/49140664.html,Mercedes-Benz,C-Class,Москва,бензин,1.6,156,АКПП,задний,белый,127121,левый,,,седан,1099000
18,https://omsk.drom.ru/renault/logan_stepway/47212388.html,Renault,Logan Stepway,Омск,бензин,1.6,113,механика,передний,серебристый,41000,левый,1 поколение,,,975000
19,https://moscow.drom.ru/lexus/is250/49140663.html,Lexus,IS250,Москва,бензин,2.5,208,АКПП,задний,белый,121600,левый,"2 поколение, 2 рестайлинг",,,1549000
20,https://moscow.drom.ru/lexus/is250/49140663.html,Lexus,IS250,Москва,бензин,2.5,208,АКПП,задний,белый,121600,левый,"2 поколение, 2 рестайлинг",,,1549000
21,https://zlatoust.drom.ru/lada/priora/49140662.html,Лада,Приора,Златоуст,бензин,1.6,98,механика,передний,зеленый,175632,левый,1 поколение,,седан,230000
22,https://arkadak.drom.ru/mercedes-benz/e-class/49140661.html,Mercedes-Benz,E-Class,Аркадак,бензин,2.0,136,механика,задний,черный,,левый,2 поколение,E 200 MТ Classic,седан,300000
23,https://moscow.drom.ru/kia/optima/49140660.html,Kia,Optima,Москва,бензин,2.0,245,АКПП,передний,черный,80322,левый,4 поколение,,седан,1899000
24,https://belgorod.drom.ru/ford/f250/47641514.html,Ford,F250,,дизель,6.7,320,автомат,4WD,белый,175000,левый,,,,3300000
25,https://simferopol.drom.ru/mazda/626/49140659.html,Mazda,626,,бензин,2.0,102,механика,передний,серый,280000,левый,"2 поколение, рестайлинг",,купе,130000
26,https://yalta.drom.ru/bmw/x1/48801541.html,BMW,X1,,дизель,2.0,150,автомат,передний,черный,68000,левый,,,,2600000
27,https://moscow.drom.ru/jeep/grand_cherokee/49140657.html,Jeep,Grand Cherokee,Москва,бензин,3.6,286,автомат,4WD,черный,160136,левый,,,,1349000
28,https://blagoveshchensk.drom.ru/nissan/patrol/46836484.html,Nissan,Patrol,,бензин,5.6,405,АКПП,4WD,белый,195000,левый,6 поколение,,джип/suv 5 дв.,2200000
29,https://tomsk.drom.ru/lexus/es350/48639798.html,Lexus,ES350,Томск,бензин,3.5,249,АКПП,передний,белый,39000,левый,7 поколение,3.5 AT Luxury,,4530000
30,https://moscow.drom.ru/audi/a8/49140656.html,Audi,A8,Москва,бензин,3.0,290,АКПП,4WD,черный,140226,левый,3 поколение,,,1199000
31,https://krasnodar.drom.ru/daewoo/nexia/49140654.html,Daewoo,Nexia,Краснодар,бензин,1.5,80,механика,передний,черный,55000,левый,"1 поколение, 2 рестайлинг",,седан,355000
32,https://moscow.drom.ru/audi/a6/49140651.html,Audi,A6,Москва,бензин,1.8,190,робот,передний,черный,110299,левый,"4 поколение, рестайлинг",,седан,1549000
33,https://yablonovskiy.drom.ru/nissan/teana/48927764.html,Nissan,Teana,Яблоновский,бензин,2.3,173,АКПП,передний,золотистый,187000,левый,"1 поколение, рестайлинг",2.3 AT Luxury,,550000
34,https://orenburg.drom.ru/mitsubishi/galant/49140649.html,Mitsubishi,Galant,Оренбург,бензин,2.4,158,АКПП,передний,бежевый,,левый,"9 поколение, 2 рестайлинг",,седан,450000
35,https://surgut.drom.ru/hyundai/solaris/46701912.html,Hyundai,Solaris,,бензин,1.6,123,АКПП,передний,оранжевый,120000,левый,"1 поколение, рестайлинг",,хэтчбек 5 дв.,850000
36,https://yakutsk.drom.ru/lada/2106/46745207.html,Лада,2106,Якутск,бензин,1.6,75,механика,задний,зеленый,85000,левый,1 поколение,,,80000
37,https://habarovsk.drom.ru/nissan/qashqai/46906940.html,Nissan,Qashqai,Хабаровск,бензин,2.0,141,вариатор,4WD,красный,156000,левый,1 поколение,,,765000
38,https://ekaterinburg.drom.ru/lada/2109/49140646.html,Лада,2109,Екатеринбург,бензин,1.5,78,механика,передний,зеленый,,левый,"1 поколение, рестайлинг",,,50000
39,https://krasnoyarsk.drom.ru/hyundai/starex/48496038.html,Hyundai,Starex,Красноярск,дизель,2.5,145,механика,задний,серый,396000,левый,"1 поколение, рестайлинг",2.5 CRDI MT Base Long (12 seats),,575000
40,https://korenovsk.drom.ru/chevrolet/cruze/48798619.html,Chevrolet,Cruze,Кореновск,бензин,1.6,109,механика,передний,черный,87816,левый,"1 поколение, рестайлинг",,седан,820000
41,https://feodosiya.drom.ru/nissan/murano/49140644.html,Nissan,Murano,Феодосия,бензин,3.5,249,вариатор,передний,белый,53000,левый,3 поколение,,джип/suv 5 дв.,2100000
42,https://krasnoyarsk.drom.ru/nissan/qashqai/49140630.html,Nissan,Qashqai,Красноярск,бензин,2.0,141,вариатор,4WD,серый,108000,левый,"1 поколение, рестайлинг",2.0 CVT 4WD SE+ ,,1000000
43,https://azov.drom.ru/mitsubishi/colt/49140643.html,Mitsubishi,Colt,Азов,бензин,1.3,95,робот,передний,черный,239000,левый,6 поколение,,хэтчбек 5 дв.,245000
44,https://tyumen.drom.ru/land_rover/range_rover_sport/48160240.html,Land Rover,Range Rover Sport,,бензин,4.2,390,АКПП,4WD,черный,300000,левый,1 поколение,4.2 AT Supercharged,,1450000
45,https://krasnodar.drom.ru/citroen/c4/49140642.html,Citroen,C4,Краснодар,бензин,1.6,120,АКПП,передний,белый,90000,левый,2 поколение,,седан,699000
46,https://bratsk.drom.ru/lexus/rx300/48380018.html,Lexus,RX300,Братск,бензин,2.0,238,АКПП,4WD,синий,37000,левый,4 поколение,2.0t AT AWD F Sport Executive,,5000000
47,https://izhevsk.drom.ru/lada/priora/49140640.html,Лада,Приора,Ижевск,бензин,1.6,98,механика,передний,зеленый,175000,левый,1 поколение,,седан,205000
48,https://krasnoyarsk.drom.ru/honda/fit/48237468.html,Honda,Fit,Красноярск,бензин,1.3,99,вариатор,передний,белый,94094,правый,"2 поколение, 2 рестайлинг",,,755000
49,https://krasnoyarsk.drom.ru/honda/fit/48251855.html,Honda,Fit,Красноярск,бензин,1.3,100,вариатор,передний,серый,96383,правый,2 поколение,,,720000
50,https://krasnoyarsk.drom.ru/honda/fit/48356199.html,Honda,Fit,Красноярск,бензин,1.3,100,вариатор,передний,голубой,52396,правый,2 поколение,,,695000
51,https://krasnoyarsk.drom.ru/honda/fit/48720680.html,Honda,Fit,Красноярск,бензин,1.3,100,вариатор,передний,серый,168846,правый,2 поколение,,,573000
52,https://krasnoyarsk.drom.ru/nissan/note/48973692.html,Nissan,Note,Красноярск,бензин,1.2,98,вариатор,передний,серый,84818,правый,2 поколение,,,737000
53,https://habarovsk.drom.ru/toyota/c-hr/49140604.html,Toyota,C-HR,Хабаровск,бензин,1.8,98,вариатор,передний,красный,23500,правый,"1 поколение, рестайлинг",Hybrid 1.8 G,,2150000
54,https://sochi.drom.ru/lada/2107/49140305.html,Лада,2107,Сочи,бензин,1.6,74,механика,задний,белый,90000,,1 поколение,1.6 MT 21074-30-013 Стандарт,,69000
55,https://tyumen.drom.ru/toyota/land_cruiser_prado/48129965.html,Toyota,Land Cruiser Prado,Тюмень,бензин,2.7,163,АКПП,4WD,черный,1000,левый,"4 поколение, 2 рестайлинг",,джип/suv 5 дв.,5550000
56,https://omsk.drom.ru/kia/picanto/49140639.html,Kia,Picanto,Омск,бензин,1.1,65,АКПП,передний,голубой,82000,левый,"1 поколение, рестайлинг",,хэтчбек 5 дв.,420000
57,https://shebekino.drom.ru/lada/2110/49140638.html,Лада,2110,,бензин,1.5,78,механика,передний,серебристый,220009,,1 поколение,1.5i MT 21102,,105000
58,https://surgut.drom.ru/haval/f7x/49140637.html,Haval,F7x,Сургут,бензин,2.0,190,робот,4WD,черный,15000,левый,1 поколение,2.0 4WD SAT Elite,,2600000
59,https://kirov.drom.ru/renault/duster/49140636.html,Renault,Duster,Киров,бензин,2.0,143,механика,4WD,белый,34137,левый,,,,1580000
60,https://kirov.drom.ru/renault/duster/49140636.html,Renault,Duster,Киров,бензин,2.0,143,механика,4WD,белый,34137,левый,,,,1580000
61,https://irkutsk.drom.ru/toyota/corolla_fielder/49140632.html,Toyota,Corolla Fielder,Иркутск,бензин,1.5,74,вариатор,передний,белый,187000,правый,"3 поколение, рестайлинг", 1.5 Hybrid,,995000
62,https://spb.drom.ru/toyota/avensis/49140635.html,Toyota,Avensis,Санкт-Петербург,бензин,1.8,129,механика,передний,серебристый,175000,левый,"2 поколение, рестайлинг",,седан,610000
63,https://krasnoyarsk.drom.ru/peugeot/308/49080969.html,Peugeot,308,Красноярск,бензин,1.6,120,АКПП,передний,красный,150000,левый,1 поколение,,хэтчбек 5 дв.,398000
64,https://moscow.drom.ru/bmw/5-series/49140633.html,BMW,5-Series,Москва,дизель,3.0,249,АКПП,4WD,черный,147849,левый,7 поколение,,седан,3245000
65,https://novokuznetsk.drom.ru/mazda/demio/49140631.html,Mazda,Demio,Новокузнецк,бензин,1.3,91,АКПП,передний,черный,216000,правый,"3 поколение, рестайлинг",,,400000
66,https://nyagan.drom.ru/bmw/6-series/49084373.html,BMW,6-Series,,бензин,4.4,333,АКПП,задний,черный,24000,левый,2 поколение,,купе,1000000
67,https://rostov-na-donu.drom.ru/lada/2107/49140629.html,Лада,2107,Ростов-на-Дону,бензин,1.6,76,механика,задний,бордовый,60000,,1 поколение,1.6 MT 21074,,85000
68,https://anzhero-sudzhensk.drom.ru/kia/k5/48519931.html,Kia,K5,Анжеро-Судженск,бензин,2.5,194,АКПП,передний,серый,43000,левый,5 поколение,2.5 GDI AT GT Line+,,2729000
69,https://krasnoyarsk.drom.ru/infiniti/q50/46134080.html,Infiniti,Q50,,бензин,2.0,211,АКПП,задний,черный,40000,левый,"4 поколение, рестайлинг",2.0 Pure,,2300000
70,https://berdsk.drom.ru/nissan/teana/48963284.html,Nissan,Teana,Бердск,бензин,3.5,249,вариатор,передний,черный,183000,левый,2 поколение,,,1100000
71,https://moscow.drom.ru/dongfeng/580/48653091.html,Dongfeng,580,Официальный дилер,бензин,1.5,145,вариатор,передний,черный,,левый,"1 поколение, рестайлинг",1.5T CVT Luxury,,2199000
72,https://tokarevka.drom.ru/lada/priora/49140627.html,Лада,Приора,Токаревка,бензин,1.6,98,механика,передний,зеленый,287000,левый,1 поколение,,седан,220000
73,https://armyansk.drom.ru/volkswagen/golf/49140626.html,Volkswagen,Golf,Армянск,бензин,1.6,102,механика,передний,серебристый,229000,левый,5 поколение,,хэтчбек 5 дв.,565000
74,https://krasnoyarsk.drom.ru/audi/q7/45938875.html,Audi,Q7,Красноярск,дизель,3.0,249,АКПП,4WD,коричневый,200500,левый,2 поколение,3.0 45 TDI quattro tiptronic,,3700000
75,https://omsk.drom.ru/daewoo/gentra/48165745.html,Daewoo,Gentra,Омск,бензин,1.5,107,механика,передний,белый,91000,левый,2 поколение,,седан,470000
76,https://tyumen.drom.ru/lada/2110/49140625.html,Лада,2110,,бензин,1.6,80,механика,передний,бежевый,258000,,1 поколение,1.6i MT 21101,,165000
77,https://omsk.drom.ru/hyundai/ix55/48387312.html,Hyundai,ix55,Омск,дизель,3.0,239,АКПП,4WD,синий,216000,левый,1 поколение,3.0D Family,,1250000
78,https://stavropol.drom.ru/bmw/5-series/49140624.html,BMW,5-Series,Ставрополь,бензин,2.0,249,АКПП,4WD,белый,70000,левый,7 поколение,,седан,3250000
79,https://krasnoyarsk.drom.ru/toyota/vitz/47366920.html,Toyota,Vitz,Красноярск,бензин,1.0,71,вариатор,передний,серебристый,56166,правый,"2 поколение, рестайлинг",,хэтчбек 5 дв.,587000
80,https://krasnoyarsk.drom.ru/toyota/vitz/47433276.html,Toyota,Vitz,Красноярск,бензин,1.0,69,вариатор,передний,черный,78906,правый,3 поколение,,хэтчбек 5 дв.,685000
81,https://abakan.drom.ru/bmw/x5/47661560.html,BMW,X5,,бензин,4.4,286,АКПП,4WD,синий,200000,левый,1 поколение,4.4i AT xDrive,,333000
82,https://krasnoyarsk.drom.ru/toyota/vitz/48464533.html,Toyota,Vitz,Красноярск,бензин,1.0,71,вариатор,передний,черный,18360,правый,"2 поколение, рестайлинг",,хэтчбек 5 дв.,617000
83,https://krasnoyarsk.drom.ru/toyota/prius/48508105.html,Toyota,Prius,Красноярск,бензин,1.8,99,вариатор,передний,фиолетовый,114199,правый,"3 поколение, рестайлинг",,лифтбек,1115000
84,https://krasnoyarsk.drom.ru/honda/freed/48508592.html,Honda,Freed,Красноярск,бензин,1.5,118,вариатор,передний,голубой,80813,правый,"1 поколение, рестайлинг",1.5 G aero (7-Seater),,865000
85,https://krasnoyarsk.drom.ru/nissan/serena/48796150.html,Nissan,Serena,Красноярск,бензин,2.0,147,вариатор,передний,коричневый,132900,правый,"4 поколение, рестайлинг",,,1377000
86,https://krasnoyarsk.drom.ru/toyota/corolla_fielder/48802753.html,Toyota,Corolla Fielder,Красноярск,бензин,1.5,110,вариатор,передний,черный,103000,правый,"2 поколение, рестайлинг",,,965000
87,https://krasnoyarsk.drom.ru/honda/freed/48858690.html,Honda,Freed,Красноярск,бензин,1.5,118,вариатор,передний,серый,140126,правый,1 поколение,,,825000
88,https://krasnoyarsk.drom.ru/mazda/axela/48858709.html,Mazda,Axela,Красноярс,бензин,1.5,111,вариатор,передний,серый,57739,правый,2 поколение,,седан,815000
89,https://abakan.drom.ru/honda/stepwgn/48949315.html,Honda,Stepwgn,,бензин,2.0,155,АКПП,передний,черный,150000,правый,"3 поколение, рестайлинг",,,450000
90,https://krasnoyarsk.drom.ru/honda/shuttle/48954447.html,Honda,Shuttle,Красноярск,бензин,1.5,132,вариатор,передний,черный,65500,правый,2 поколение,,универсал,1137000
91,https://abakan.drom.ru/mitsubishi/lancer/49005741.html,Mitsubishi,Lancer,,бензин,1.5,109,механика,передний,черный,200000,левый,10 поколение,,седан,460000
92,https://krasnoyarsk.drom.ru/honda/shuttle/49053715.html,Honda,Shuttle,Красноярс,бензин,1.5,110,робот,передний,серый,55590,правый,2 поколение,,универсал,1150000
93,https://spb.drom.ru/toyota/rav4/49055466.html,Toyota,RAV4,Санкт-Петербург,бензин,2.4,170,АКПП,4WD,зеленый,193000,левый,3 поколение,,джип/suv 5 дв.,1149000
94,https://khanty-mansiysk.drom.ru/subaru/levorg/47605223.html,Subaru,Levorg,Ханты-Мансийск,бензин,1.6,170,вариатор,4WD,синий,115000,правый,1 поколение, 1.6 STI Sport EyeSight 4WD,,1700000
95,https://semikarakorsk.drom.ru/lada/2110/49140621.html,Лада,2110,,бензин,1.6,89,механика,передний,серый,209000,,1 поколение,1.6i MT 21104,,140000
96,https://samara.drom.ru/lada/largus_cross/49140620.html,Лада,Ларгус Кросс,Самара,бензин,1.6,106,механика,передний,коричневый,105000,левый,1 поколение,,,750000
97,https://ufa.drom.ru/lada/2131_4x4_niva/48805508.html,Лада,4x4 2131 Нива,,бензин,1.7,79,механика,4WD,серебристый,,левый,1 поколение,1.7 MT Стандарт-2131,,255000
98,https://krasnodar.drom.ru/audi/q5/49140619.html,Audi,Q5,Краснодар,бензин,2.0,225,АКПП,4WD,коричневый,341000,левый,"1 поколение, рестайлинг",2.0 TFSI quattro tiptronic,,1245000
99,https://kurtamysh.drom.ru/nissan/quest/49140618.html,Nissan,Quest,,бензин,3.3,171,АКПП,передний,серый,213000,левый,"2 поколение, рестайлинг",,,400000
100,https://tver.drom.ru/toyota/rav4/49140617.html,Toyota,RAV4,Тверь,бензин,2.0,152,механика,4WD,серебристый,223931,левый,3 поколение,,джип/suv 5 дв.,1045000
101,https://habarovsk.drom.ru/nissan/adwagon/40574727.html,Nissan,AD,,бензин,1.5,111,вариатор,передний,,39000,правый,"4 поколение, рестайлинг", 1.5 Expert GX,,746000
102,https://nizhnevartovsk.drom.ru/opel/mokka/49140616.html,Opel,Mokka,,бензин,1.8,140,механика,передний,белый,157000,левый,1 поколение,,,850000
103,https://tver.drom.ru/hyundai/ix35/49140615.html,Hyundai,ix35,Тверь,бензин,2.0,150,механика,4WD,черный,112694,левый,"1 поколение, рестайлинг",,,1345000
104,https://gryazi.drom.ru/opel/omega/49140613.html,Opel,Omega,,бензин,2.0,116,механика,задний,серебристый,458800,левый,2 поколение,,седан,160000
105,https://moscow.drom.ru/bmw/x6/49140612.html,BMW,X6,Москва,дизель,3.0,249,АКПП,4WD,синий,21959,левый,3 поколение,xDrive 30d AT M Sport Pro,,9685000
106,https://rostov-na-donu.drom.ru/kia/sportage/49140611.html,Kia,Sportage,Ростов-на-Дону,бензин,2.0,150,механика,передний,серый,161233,левый,3 поколение,,джип/suv 5 дв.,1185000
107,https://kanevskaya.drom.ru/nissan/presea/49140609.html,Nissan,Presea,,бензин,1.5,105,механика,передний,бордовый,330000,правый,"2 поколение, рестайлинг",1.5 Refina,,200000
108,https://volgograd.drom.ru/mercedes-benz/e-class/49140608.html,Mercedes-Benz,E-Class,Волгоград,бензин,2.0,197,АКПП,задний,черный,89000,левый,5 поколение,,седан,3900000
109,https://krasnoyarsk.drom.ru/renault/logan_stepway/46593910.html,Renault,Logan Stepway,Красноярск,бензин,1.6,102,АКПП,передний,синий,38521,левый,1 поколение,1.6 AT Drive,,1097000
110,https://krasnoyarsk.drom.ru/toyota/prius/47017547.html,Toyota,Prius,Красноярск,бензин,1.5,76,вариатор,передний,черный,110000,правый,"2 поколение, рестайлинг",,лифтбек,735000
111,https://krasnoyarsk.drom.ru/toyota/prius/48367833.html,Toyota,Prius,Красноярск,бензин,1.8,99,вариатор,передний,серый,62079,правый,"3 поколение, рестайлинг",,лифтбек,1137000
112,https://krasnoyarsk.drom.ru/toyota/prius/48867873.html,Toyota,Prius,Красноярск,бензин,1.8,99,вариатор,передний,зеленый,117500,правый,"3 поколение, рестайлинг",,лифтбек,1067000
113,https://krasnoyarsk.drom.ru/toyota/wish/48989834.html,Toyota,Wish,Красноярск,бензин,1.8,133,вариатор,4WD,бордовый,93200,правый,2 поколение,,,1085000
114,https://krasnoyarsk.drom.ru/kia/rio/49030404.html,Kia,Rio,Красноярск,бензин,1.6,123,АКПП,передний,черный,74000,левый,4 поколение,,седан,1057000
115,https://krasnoyarsk.drom.ru/honda/cr-v/49049400.html,Honda,CR-V,Красноярск,бензин,2.4,186,вариатор,4WD,синий,96000,левый,5 поколение,,,2427000
116,https://krasnoyarsk.drom.ru/kia/rio/49070611.html,Kia,Rio,Красноярск,бензин,1.6,123,АКПП,передний,белый,27725,левый,4 поколение,,седан,1587000
117,https://krasnoyarsk.drom.ru/honda/cr-v/49076488.html,Honda,CR-V,Красноярск,бензин,2.4,166,АКПП,4WD,белый,115000,левый,"3 поколение, рестайлинг",2.4 AT Executive,,1317000
118,https://krasnoyarsk.drom.ru/kia/rio_x-line/49076650.html,Kia,Rio X (X-Line),Красноярск,бензин,1.6,123,АКПП,передний,белый,64116,левый,1 поколение,,,1247000
119,https://langepas.drom.ru/lada/2107/49140606.html,Лада,2107,,бензин,1.6,74,механика,задний,белый,43476,,1 поколение,,,40000
120,https://syzran.drom.ru/mazda/mazda6/49140607.html,Mazda,Mazda6,Сызрань,бензин,2.0,147,АКПП,передний,черный,198000,левый,2 поколение,,седан,750000
121,https://omsk.drom.ru/hyundai/solaris/49026396.html,Hyundai,Solaris,Омск,бензин,1.6,123,АКПП,передний,белый,71000,левый,"1 поколение, рестайлинг",,седан,930000
122,https://kurgan.drom.ru/toyota/raum/49140603.html,Toyota,Raum,Курган,бензин,1.5,94,АКПП,передний,серый,139367,правый,"1 поколение, рестайлинг",,,320000
123,https://surgut.drom.ru/lada/granta/49140594.html,Лада,Гранта,Сургут,бензин,1.6,87,механика,передний,синий,43500,левый,"1 поколение, рестайлинг",,хэтчбек 5 дв.,800000
124,https://chelyabinsk.drom.ru/kia/picanto/48800501.html,Kia,Picanto,Челябинск,бензин,1.0,66,механика,передний,розовый,4321,левый,"2 поколение, рестайлинг",,хэтчбек 5 дв.,700000
125,https://shadrinsk.drom.ru/lada/2113/49140602.html,Лада,2113 Самара,Шадринск,бензин,1.6,80,механика,передний,черный,240000,левый,1 поколение,1.6 MT 21134-20-010,,94000
126,https://novosibirsk.drom.ru/honda/cr-v/48905445.html,Honda,CR-V,Новосибирск,бензин,2.4,190,АКПП,4WD,коричневый,174000,левый,4 поколение,2.4 AT Executive,,1725000
127,https://tyumen.drom.ru/suzuki/jimny/46772176.html,Suzuki,Jimny,Тюмень,бензин,1.3,85,АКПП,4WD,черный,135425,левый,"3 поколение, 2 рестайлинг",,,1149000
128,https://krasnoturinsk.drom.ru/skoda/octavia/48080533.html,Skoda,Octavia,Краснотурьинск,бензин,1.4,122,робот,передний,серый,171058,левый,"2 поколение, рестайлинг",,лифтбек,720000
129,https://kaluga.drom.ru/bmw/5-series/49140601.html,BMW,5-Series,,бензин,2.0,245,АКПП,4WD,серый,212000,левый,"6 поколение, рестайлинг",,универсал,1600000
130,https://feodosiya.drom.ru/chevrolet/aveo/49140596.html,Chevrolet,Aveo,Феодосия,бензин,1.4,101,механика,передний,белый,119000,левый,"1 поколение, рестайлинг",,хэтчбек 5 дв.,439000
131,https://shadrinsk.drom.ru/lada/priora/49140600.html,Лада,Приора,Шадринск,бензин,1.6,98,механика,передний,серебристый,300000,левый,1 поколение,,седан,170000
132,https://rodionovo-nesvetayskaya.drom.ru/lada/2114/49140599.html,Лада,2114 Самара,,бензин,1.6,81,механика,передний,серый,195000,левый,1 поколение,,хэтчбек 5 дв.,100000
133,https://barnaul.drom.ru/subaru/levorg/49140555.html,Subaru,Levorg,Барнаул,бензин,1.6,170,вариатор,4WD,серый,118000,правый,1 поколение,1.6 GT-S EyeSight 4WD,,1560000
134,https://kuznetsk.drom.ru/lada/priora/49140598.html,Лада,Приора,Кузнецк,бензин,1.6,98,механика,передний,серебристый,198000,левый,1 поколение,,седан,380000
135,https://sochi.drom.ru/daewoo/nexia/49140597.html,Daewoo,Nexia,,бензин,1.6,109,механика,передний,черный,340000,левый,"1 поколение, 2 рестайлинг",,седан,249999
136,https://ufa.drom.ru/toyota/camry/49140595.html,Toyota,Camry,Уфа,бензин,3.5,277,АКПП,передний,черный,260000,левый,7 поколение,,седан,720000
137,https://krasnoyarsk.drom.ru/bmw/5-series/47061697.html,BMW,5-Series,Красноярск,бензин,2.0,184,АКПП,задний,синий,188000,левый,6 поколение,,седан,1299000
138,https://krasnoyarsk.drom.ru/bmw/7-series/47295239.html,BMW,7-Series,Красноярск,бензин,6.0,445,АКПП,задний,черный,150000,левый,"4 поколение, рестайлинг",,,550000
139,https://moscow.drom.ru/kia/rio/47563528.html,Kia,Rio,Москва,бензин,1.6,138,автомат,передний,серебристый,83000,левый,,,седан,749000
140,https://moscow.drom.ru/kia/rio/47563528.html,Kia,Rio,Москва,бензин,1.6,138,автомат,передний,серебристый,83000,левый,,,седан,749000
141,https://krasnoyarsk.drom.ru/audi/q5/48122784.html,Audi,Q5,Красноярск,бензин,2.0,211,робот,4WD,черный,94694,левый,1 поколение,2.0 TFSI quattro  S Tronic,,1267000
142,https://krasnoyarsk.drom.ru/honda/civic/48367878.html,Honda,Civic,Красноярск,бензин,1.8,140,АКПП,передний,белый,219000,левый,8 поколение,,седан,677000
143,https://krasnoyarsk.drom.ru/renault/megane/48620711.html,Renault,Megane,Красноярск,бензин,1.6,106,механика,передний,синий,150000,левый,"3 поколение, рестайлинг",,хэтчбек 5 дв.,500000
144,https://krasnoyarsk.drom.ru/lexus/rx350/48802855.html,Lexus,RX350,Красноярск,бензин,3.5,276,АКПП,4WD,бежевый,135000,левый,"2 поколение, рестайлинг",,,997000
145,https://simferopol.drom.ru/lada/2106/49140593.html,Лада,2106,Симферополь,бензин,1.3,64,механика,задний,бежевый,54932,левый,1 поколение,1.3 MT 21063,,55000
146,https://moscow.drom.ru/lexus/rx400h/49140592.html,Lexus,RX400h,Москва,бензин,3.3,211,вариатор,4WD,черный,334000,левый,"2 поколение, рестайлинг",3.3h CVT,,1000000
147,https://surgut.drom.ru/other/rus/49131252.html,Прочие авто,Россия и СНГ,,бензи,,1068,механика,4WD,белый,40812,левый,,,,1070000
148,https://suhoy-log.drom.ru/lada/2106/49140591.html,Лада,2106,Сухой Лог,бензин,1.5,72,механика,задний,белый,,левый,1 поколение,,,125000
149,https://cherepanovo.drom.ru/lada/2114/48979379.html,Лада,2114 Самара,,бензин,1.5,77,механика,передний,синий,150000,левый,1 поколение,,хэтчбек 5 дв.,110000
150,https://ekaterinburg.drom.ru/kia/cerato/45009027.html,Kia,Cerato,Екатеринбург,бензин,1.6,130,АКПП,передний,белый,73245,левый,"3 поколение, рестайлинг",,седан,1325000
151,https://tula.drom.ru/lada/vesta/47051897.html,Лада,Веста,Тула,бензин,1.6,113,вариатор,передний,серый,15786,левый,1 поколение,,универсал,1169000
152,https://sochi.drom.ru/volkswagen/jetta/49140590.html,Volkswagen,Jetta,Сочи,бензин,1.6,105,АКПП,передний,белый,199000,левый,6 поколение,,седан,820000
153,https://gorno-altaysk.drom.ru/lada/2115/48747988.html,Лада,2115 Самара,Горно-Алтайск,бензин,1.5,70,механика,передний,серебристый,290000,левый,1 поколение,1.5 MT Базовая,,99000
154,https://lipetsk.drom.ru/geely/emgrand/49140589.html,Geely,Emgrand EC7,Липецк,бензин,1.8,126,механика,передний,белый,200000,левый,,,седан,200000
155,https://blagoveshchensk.drom.ru/honda/accord/49140587.html,Honda,Accord,Благовещенск,бензин,2.0,145,вариатор,передний,белый,65000,правый,"9 поколение, рестайлинг",,седан,1990000
156,https://kalmanka.drom.ru/chery/tiggo/49140588.html,Chery,Tiggo T11,Калманка,бензин,2.0,136,механика,4WD,серебристый,150000,левый,1 поколение,,,200000
157,https://krasnoyarsk.drom.ru/volkswagen/polo/48747496.html,Volkswagen,Polo,Красноярск,бензин,1.4,125,робот,передний,серый,84000,левый,"5 поколение, рестайлинг",,седан,955000
158,https://yevpatoriya.drom.ru/honda/civic/49140548.html,Honda,Civic,,бензин,1.8,140,АКПП,передний,черный,135000,левый,8 поколение,,седан,650000
159,https://troytsk-chelabinsk.drom.ru/lada/2110/49140586.html,Лада,2110,,бензин,1.5,91,механика,передний,синий,,,1 поколение,,,55000
160,https://pochtovoe-krym.drom.ru/hyundai/elantra/49140584.html,Hyundai,Elantra,Почтовое,бензин,1.6,122,АКПП,передний,бордовый,137000,левый,4 поколение,,седан,570000
161,https://ekaterinburg.drom.ru/infiniti/g25/49140583.html,Infiniti,G25,Екатеринбург,бензин,2.5,222,АКПП,задний,белый,140000,,"4 поколение, рестайлинг",2.5 AT Hi-tech (без люка),,1040000
162,https://buynaksk.drom.ru/lada/2104/49140582.html,Лада,2104,,бензин,1.5,71,механика,задний,синий,999999,левый,1 поколение,1.5 MT4 21043,,70000
163,https://samara.drom.ru/lada/kalina/49140581.html,Лада,Калина,Самара,бензин,1.6,84,механика,передний,серебристый,189000,,1 поколение,1.6 MT Стандарт 11193-41-070,хэтчбек 5 дв.,300000
164,https://omsk.drom.ru/nissan/moco/49140580.html,Nissan,Moco,Омск,бензин,0.7,54,АКПП,передний,зеленый,253000,правый,1 поколение,,,295000
165,https://moscow.drom.ru/chrysler/300c/49140579.html,Chrysler,300C,Москва,бензин,2.7,177,АКПП,задний,серебристый,171000,левый,"1 поколение, рестайлинг",,седан,1100000
166,https://nefteyugansk.drom.ru/toyota/camry/49140578.html,Toyota,Camry,Нефтеюганск,бензин,2.4,167,АКПП,передний,черный,230000,левый,7 поколение,,седан,900000
167,https://sterlitamak.drom.ru/volkswagen/golf/49140577.html,Volkswagen,Golf,,бензин,1.2,105,механика,передний,белый,168000,левый,7 поколение,,хэтчбек 5 дв.,735000
168,https://noyabrsk.drom.ru/hyundai/sonata/49140576.html,Hyundai,Sonata,Ноябрьск,бензин,2.0,150,АКПП,передний,белый,56000,левый,"7 поколение, рестайлинг",2.0 AT Style,,1800000
169,https://lesnoy-mo.drom.ru/toyota/land_cruiser/49111582.html,Toyota,Land Cruiser,Лесной,дизель,4.5,235,АКПП,4WD,черный,335000,левый,11 поколение,,джип/suv 5 дв.,2199000
170,https://anapa.drom.ru/chevrolet/aveo/49140553.html,Chevrolet,Aveo,Анапа,бензин,1.2,72,механика,передний,красный,140000,левый,1 поколение,,хэтчбек 5 дв.,290000
171,https://noginsk.drom.ru/lada/priora/49140573.html,Лада,Приора,,бензин,1.6,98,механика,передний,черный,258000,левый,1 поколение,,седан,185000
172,https://chelyabinsk.drom.ru/hyundai/sonata/49140572.html,Hyundai,Sonata,Челябинск,бензин,2.0,131,АКПП,передний,серебристый,333000,левый,"4 поколение, рестайлинг",2.0 AT GLS,,350000
173,https://kazan.drom.ru/skoda/octavia/49140571.html,Skoda,Octavia,Казань,бензин,1.4,75,механика,передний,черный,242400,левый,"1 поколение, рестайлинг",,лифтбек,360000
174,https://nefteyugansk.drom.ru/kia/rio/49140570.html,Kia,Rio,Нефтеюганск,бензин,1.6,123,АКПП,передний,белый,57000,левый,4 поколение,,седан,1200000
175,https://spb.drom.ru/skoda/fabia/49140569.html,Skoda,Fabia,Санкт-Петербург,бензин,1.4,86,механика,передний,серый,166200,левый,"2 поколение, рестайлинг",,хэтчбек 5 дв.,465000
176,https://novosibirsk.drom.ru/honda/cr-v/49140568.html,Honda,CR-V,Новосибирск,бензин,2.0,150,АКПП,4WD,белый,286517,правый,"1 поколение, рестайлинг",,,505000
177,https://kungur.drom.ru/lada/2115/49140567.html,Лада,2115 Самара,,бензин,1.5,78,механика,передний,черный,260000,левый,,,,75000
178,https://saratov.drom.ru/lada/2107/49140566.html,Лада,2107,,бензин,1.5,71,механика,задний,синий,96000,,1 поколение,,,37000
179,https://engels.drom.ru/kia/sportage/49140565.html,Kia,Sportage,Энгельс,дизель,1.6,136,робот,передний,белый,78000,левый,"4 поколение, рестайлинг",,джип/suv 5 дв.,2150000
180,https://krasnoyarsk.drom.ru/suzuki/vitara/49140564.html,Suzuki,Vitara,Красноярск,бензин,2.0,127,механика,4WD,черный,188100,левый,2 поколение,,джип/suv 5 дв.,430000
181,https://salavat.drom.ru/daewoo/matiz/49140562.html,Daewoo,Matiz,Салават,бензин,0.8,51,механика,передний,,100000,левый,"1 поколение, рестайлинг",,,190000
182,https://stupino.drom.ru/lada/2101/49140563.html,Лада,2101,,бензин,1.7,,,задний,красный,40000,левый,,,,90000
183,https://voronezh.drom.ru/ford/escape/49140561.html,Ford,Escape,Воронеж,бензин,2.3,153,АКПП,4WD,белый,381000,левый,2 поколение,,,533000
184,https://novosibirsk.drom.ru/chevrolet/equinox/49140560.html,Chevrolet,Equinox,Новосибирск,бензин,2.0,252,АКПП,4WD,черный,22000,левый,3 поколение,2.0 AT AWD Premium,,2980000
185,https://ekaterinburg.drom.ru/porsche/panamera/49140559.html,Porsche,Panamera,Екатеринбург,бензин,2.9,440,робот,4WD,серый,25788,левый,2 поколение,,универсал,10499000
186,https://stariy-oskol.drom.ru/lada/2111/49140558.html,Лада,2111,Старый Оскол,бензин,1.5,91,механика,передний,черный,,левый,1 поколение,1.5i MT Норма,,152000
187,https://gubkinskiy.drom.ru/honda/cr-v/49140535.html,Honda,CR-V,Губкинский,бензин,2.0,150,АКПП,4WD,синий,172000,левый,"3 поколение, рестайлинг",,,1390000
188,https://omsk.drom.ru/nissan/x-trail/48886576.html,Nissan,X-Trail,Омск,бензин,2.0,144,вариатор,передний,белый,74000,левый,"3 поколение, рестайлинг",2.0 CVT 2WD SE,,1890000
189,https://krasnodar.drom.ru/infiniti/qx70/49140556.html,Infiniti,QX70,Краснодар,дизель,3.0,238,АКПП,4WD,черный,67000,левый,2 поколение,,,2260000
190,https://voronezh.drom.ru/lada/2121_4x4_niva/49140557.html,Лада,4x4 2121 Нива,Воронеж,бензин,1.7,83,механика,4WD,синий,193000,левый,,,,305000
191,https://omsk.drom.ru/hyundai/palisade/48587874.html,Hyundai,Palisade,Омск,бензин,3.8,295,АКПП,4WD,белый,100,левый,1 поколение,3.8 GDI AT 4WD Prestige 7 seats,,6000000
192,https://chelyabinsk.drom.ru/mazda/mazda6/49140554.html,Mazda,Mazda6,Челябинск,бензин,2.0,147,АКПП,передний,черный,270000,левый,,,лифтбек,210000
193,https://bogdanovich.drom.ru/nissan/almera/49140552.html,Nissan,Almera,Богданович,бензин,1.8,116,АКПП,передний,серебристый,209000,левый,"2 поколение, рестайлинг",,седан,295000
194,https://krasnodar.drom.ru/land_rover/range_rover_velar/48917332.html,Land Rover,Range Rover Velar,Краснодар,дизель,2.0,180,АКПП,4WD,белый,59000,левый,1 поколение,2.0 TD R-Dynamic S,,5350000
195,https://tobolsk.drom.ru/chevrolet/aveo/49041920.html,Chevrolet,Aveo,Тобольск,бензин,1.6,115,механика,передний,синий,135230,левый,2 поколение,,седан,550000
196,https://omsk.drom.ru/volkswagen/passat_cc/49140551.html,Volkswagen,Passat CC,,бензин,1.8,152,робот,передний,белый,120000,левый,"1 поколение, рестайлинг",,седан,1377777
197,https://voronezh.drom.ru/lada/2121_4x4_niva/49140550.html,Лада,4x4 2121 Нива,Воронеж,бензин,1.7,83,механика,4WD,красный,59107,левый,1 поколение,,,658000
198,https://tyumen.drom.ru/toyota/camry/47139118.html,Toyota,Camry,Тюмень,бензин,2.5,200,АКПП,передний,белый,7163,левый,"9 поколение, рестайлинг",,седан,2880000
199,https://ekaterinburg.drom.ru/toyota/land_cruiser_prado/49065877.html,Toyota,Land Cruiser Prado,Екатеринбург,дизель,3.0,173,АКПП,4WD,серый,279000,левый,4 поколение,,джип/suv 5 дв.,2550000
